A,STOCK
AA,STOCK
AABA,STOCK
AAL,STOCK
AAP,STOCK
AAPL,STOCK
AAT,STOCK
ABBV,STOCK
ABC,STOCK
ABCB,STOCK
ABEV,STOCK
ABG,STOCK
ABM,STOCK
ABMD,STOCK
ABNB,STOCK
ABR,STOCK
ABT,STOCK
ABUS,STOCK
ACAD,STOCK
ACB,STOCK
ACC,STOCK
ACI,STOCK
ACIA,STOCK
ACM,STOCK
ACMR,STOCK
ACN,STOCK
ACOR,STOCK
ACRX,STOCK
ACST,STOCK
ADAP,STOCK
ADBE,STOCK
ADC,STOCK
ADI,STOCK
ADM,STOCK
ADMA,STOCK
ADMP,STOCK
ADMS,STOCK
ADP,STOCK
ADS,STOCK
ADT,STOCK
ADVM,STOCK
AEE,STOCK
AEM,STOCK
AEO,STOCK
AEP,STOCK
AER,STOCK
AES,STOCK
AEZS,STOCK
AFG,STOCK
AFL,STOCK
AFSI,STOCK
AG,STOCK
AGC,STOCK
AGCB,STOCK
AGCO,STOCK
AGEN,STOCK
AGI,STOCK
AGN,STOCK
AGNC,STOCK
AGRO,STOCK
AGRX,STOCK
AIG,STOCK
AIHS,STOCK
AIM,STOCK
AIN,STOCK
AINV,STOCK
AIV,STOCK
AIZ,STOCK
AJG,STOCK
AJRD,STOCK
AKAM,STOCK
AKR,STOCK
AKS,STOCK
ALB,STOCK
ALDR,STOCK
ALDX,STOCK
ALGM,STOCK
ALGN,STOCK
ALK,STOCK
ALL,STOCK
ALLE,STOCK
ALLY,STOCK
ALNA,STOCK
ALNY,STOCK
ALRM,STOCK
ALT,STOCK
ALVR,STOCK
ALX,STOCK
ALXN,STOCK
AM,STOCK
AMAT,STOCK
AMBA,STOCK
AMC,STOCK
AMCR,STOCK
AMD,STOCK
AME,STOCK
AMED,STOCK
AMG,STOCK
AMGN,STOCK
AMH,STOCK
AMP,STOCK
AMPE,STOCK
AMRC,STOCK
AMRI,STOCK
AMRS,STOCK
AMRX,STOCK
AMT,STOCK
AMTD,STOCK
AMWL,STOCK
AMZN,STOCK
AN,STOCK
ANDE,STOCK
ANDV,STOCK
ANET,STOCK
ANF,STOCK
ANGI,STOCK
ANSS,STOCK
ANTM,STOCK
AON,STOCK
AOS,STOCK
APA,STOCK
APC,STOCK
APD,STOCK
APH,STOCK
APHA,STOCK
API,STOCK
APLE,STOCK
APO,STOCK
APP,STOCK
APPF,STOCK
APPS,STOCK
APRN,STOCK
APSG,STOCK
APTV,STOCK
AQ,STOCK
AQUA,STOCK
AR,STOCK
ARAY,STOCK
ARCC,STOCK
ARCH,STOCK
ARCO,STOCK
ARCT,STOCK
ARE,STOCK
ARG,STOCK
ARGO,STOCK
ARII,STOCK
ARMK,STOCK
AROC,STOCK
ARPO,STOCK
ARR,STOCK
ARRS,STOCK
ARW,STOCK
ARWR,STOCK
ASAN,STOCK
ASH,STOCK
ASML,STOCK
ASXC,STOCK
ATGE,STOCK
ATH,STOCK
ATHX,STOCK
ATI,STOCK
ATNX,STOCK
ATO,STOCK
ATRA,STOCK
ATRS,STOCK
ATUS,STOCK
AU,STOCK
AUY,STOCK
AVAV,STOCK
AVB,STOCK
AVCO,STOCK
AVGO,STOCK
AVGR,STOCK
AVID,STOCK
AVP,STOCK
AVT,STOCK
AVTR,STOCK
AVXL,STOCK
AVY,STOCK
AWK,STOCK
AXE,STOCK
AXGN,STOCK
AXL,STOCK
AXLL,STOCK
AXON,STOCK
AXP,STOCK
AXSM,STOCK
AXTA,STOCK
AXU,STOCK
AY,STOCK
AYI,STOCK
AYRO,STOCK
AYTU,STOCK
AYX,STOCK
AZN,STOCK
AZO,STOCK
AZPN,STOCK
AZUL,STOCK
BA,STOCK
BABA,STOCK
BAC,STOCK
BAH,STOCK
BAM,STOCK
BAX,STOCK
BB,STOCK
BBAR,STOCK
BBBY,STOCK
BBD,STOCK
BBIO,STOCK
BBY,STOCK
BC,STOCK
BCH,STOCK
BCO,STOCK
BCRX,STOCK
BCS,STOCK
BDC,STOCK
BDN,STOCK
BDX,STOCK
BE,STOCK
BEAT,STOCK
BEAV,STOCK
BEN,STOCK
BERY,STOCK
BEST,STOCK
BFAM,STOCK
BG,STOCK
BGC,STOCK
BGCP,STOCK
BHC,STOCK
BHF,STOCK
BHI,STOCK
BHP,STOCK
BHR,STOCK
BHTG,STOCK
BHVN,STOCK
BIG,STOCK
BIIB,STOCK
BILI,STOCK
BILL,STOCK
BIO,STOCK
BIOC,STOCK
BIOL,STOCK
BIP,STOCK
BITA,STOCK
BJ,STOCK
BK,STOCK
BKD,STOCK
BKNG,STOCK
BKR,STOCK
BKS,STOCK
BKYI,STOCK
BLCT,STOCK
BLDP,STOCK
BLDR,STOCK
BLFS,STOCK
BLK,STOCK
BLL,STOCK
BLMN,STOCK
BLNK,STOCK
BLU,STOCK
BLUE,STOCK
BMBL,STOCK
BMI,STOCK
BMRN,STOCK
BMS,STOCK
BMY,STOCK
BNGO,STOCK
BNTX,STOCK
BOOT,STOCK
BORR,STOCK
BOX,STOCK
BOXL,STOCK
BPL,STOCK
BPMC,STOCK
BPY,STOCK
BR,STOCK
BRCM,STOCK
BRFS,STOCK
BRKR,STOCK
BRKS,STOCK
BRO,STOCK
BRX,STOCK
BSAC,STOCK
BSM,STOCK
BTE,STOCK
BTI,STOCK
BTU,STOCK
BUD,STOCK
BURL,STOCK
BW,STOCK
BWA,STOCK
BX,STOCK
BXMT,STOCK
BXP,STOCK
BXS,STOCK
BYD,STOCK
BYFC,STOCK
BYND,STOCK
BZUN,STOCK
C,STOCK
CAA,STOCK
CACC,STOCK
CACQ,STOCK
CADE,STOCK
CAG,STOCK
CAH,STOCK
CAKE,STOCK
CAL,STOCK
CAM,STOCK
CAMP,STOCK
CAN,STOCK
CAR,STOCK
CARA,STOCK
CARG,STOCK
CARR,STOCK
CARS,STOCK
CASA,STOCK
CASY,STOCK
CAT,STOCK
CAVM,STOCK
CB,STOCK
CBAY,STOCK
CBB,STOCK
CBD,STOCK
CBPO,STOCK
CBRE,STOCK
CBRL,STOCK
CC,STOCK
CCAC,STOCK
CCEP,STOCK
CCI,STOCK
CCIV,STOCK
CCJ,STOCK
CCK,STOCK
CCL,STOCK
CCO,STOCK
CCU,STOCK
CDE,STOCK
CDEV,STOCK
CDLX,STOCK
CDNS,STOCK
CDR,STOCK
CDW,STOCK
CDXS,STOCK
CE,STOCK
CELG,STOCK
CEMI,STOCK
CEQP,STOCK
CERN,STOCK
CERS,STOCK
CETX,STOCK
CEVA,STOCK
CF,STOCK
CFG,STOCK
CFX,STOCK
CG,STOCK
CGC,STOCK
CGNX,STOCK
CHAP,STOCK
CHD,STOCK
CHDN,STOCK
CHE,STOCK
CHEF,STOCK
CHEK,STOCK
CHGG,STOCK
CHK,STOCK
CHKP,STOCK
CHL,STOCK
CHMA,STOCK
CHRS,STOCK
CHRW,STOCK
CHS,STOCK
CHTR,STOCK
CHWY,STOCK
CI,STOCK
CIDM,STOCK
CIEN,STOCK
CIG,STOCK
CIH,STOCK
CIM,STOCK
CINF,STOCK
CISN,STOCK
CIT,STOCK
CJJD,STOCK
CL,STOCK
CLDR,STOCK
CLDT,STOCK
CLDX,STOCK
CLIR,STOCK
CLLS,STOCK
CLMT,STOCK
CLNE,STOCK
CLNY,STOCK
CLR,STOCK
CLSK,STOCK
CLSN,STOCK
CLVS,STOCK
CLX,STOCK
CM,STOCK
CMA,STOCK
CMC,STOCK
CMCSA,STOCK
CME,STOCK
CMG,STOCK
CMI,STOCK
CMRE,STOCK
CMS,STOCK
CMTL,STOCK
CNC,STOCK
CNDT,STOCK
CNK,STOCK
CNMD,STOCK
CNO,STOCK
CNP,STOCK
CNQ,STOCK
CNST,STOCK
CNX,STOCK
CO,STOCK
COCP,STOCK
CODX,STOCK
COF,STOCK
COG,STOCK
COIN,STOCK
COL,STOCK
COLD,STOCK
COMM,STOCK
COMP,STOCK
CONE,STOCK
CONN,STOCK
COO,STOCK
COOP,STOCK
COP,STOCK
COR,STOCK
CORE,STOCK
COST,STOCK
COTY,STOCK
COUP,STOCK
COUR,STOCK
CP,STOCK
CPA,STOCK
CPB,STOCK
CPE,STOCK
CPN,STOCK
CPNG,STOCK
CPRI,STOCK
CPRT,STOCK
CPRX,STOCK
CPT,STOCK
CQP,STOCK
CRAY,STOCK
CRBP,STOCK
CREE,STOCK
CRHC,STOCK
CRI,STOCK
CRIS,STOCK
CRK,STOCK
CRL,STOCK
CRM,STOCK
CRNT,STOCK
CRON,STOCK
CROX,STOCK
CRSP,STOCK
CRSR,STOCK
CRTO,STOCK
CRUS,STOCK
CRVS,STOCK
CRWD,STOCK
CSCO,STOCK
CSCW,STOCK
CSGP,STOCK
CSIQ,STOCK
CSOD,STOCK
CST,STOCK
CSX,STOCK
CTAS,STOCK
CTLT,STOCK
CTRM,STOCK
CTSH,STOCK
CTT,STOCK
CTVA,STOCK
CTXS,STOCK
CUB,STOCK
CUBE,STOCK
CUK,STOCK
CUZ,STOCK
CVA,STOCK
CVAC,STOCK
CVC,STOCK
CVE,STOCK
CVNA,STOCK
CVRR,STOCK
CVS,STOCK
CVX,STOCK
CWCO,STOCK
CWEN,STOCK
CXO,STOCK
CXP,STOCK
CY,STOCK
CYBR,STOCK
CYH,STOCK
CYTK,STOCK
CZR,STOCK
D,STOCK
DAL,STOCK
DAN,STOCK
DAR,STOCK
DASH,STOCK
DATA,STOCK
DB,STOCK
DBD,STOCK
DBI,STOCK
DBX,STOCK
DCI,STOCK
DD,STOCK
DDD,STOCK
DDOG,STOCK
DDS,STOCK
DE,STOCK
DECK,STOCK
DEI,STOCK
DELL,STOCK
DEN,STOCK
DENN,STOCK
DFFN,STOCK
DFS,STOCK
DGLY,STOCK
DGX,STOCK
DHI,STOCK
DHR,STOCK
DHT,STOCK
DIN,STOCK
DIS,STOCK
DISCA,STOCK
DISH,STOCK
DK,STOCK
DKNG,STOCK
DKS,STOCK
DLPH,STOCK
DLR,STOCK
DLTR,STOCK
DNB,STOCK
DNKN,STOCK
DNOW,STOCK
DOC,STOCK
DOCU,STOCK
DOMO,STOCK
DOV,STOCK
DOW,STOCK
DOX,STOCK
DOYU,STOCK
DPZ,STOCK
DRE,STOCK
DRH,STOCK
DRI,STOCK
DRVN,STOCK
DS,STOCK
DT,STOCK
DTE,STOCK
DTIL,STOCK
DTV,STOCK
DUK,STOCK
DVA,STOCK
DVAX,STOCK
DVN,STOCK
DX,STOCK
DXC,STOCK
DXCM,STOCK
EAT,STOCK
EB,STOCK
EBAY,STOCK
EBS,STOCK
EC,STOCK
ECL,STOCK
ED,STOCK
EDIT,STOCK
EDU,STOCK
EEFT,STOCK
EFX,STOCK
EGAN,STOCK
EGHT,STOCK
EGLE,STOCK
EGO,STOCK
EH,STOCK
EHC,STOCK
EHTH,STOCK
EIGI,STOCK
EIX,STOCK
EKSO,STOCK
EL,STOCK
ELAN,STOCK
ELF,STOCK
ELLI,STOCK
ELS,STOCK
EMAN,STOCK
EMC,STOCK
EME,STOCK
EMN,STOCK
EMR,STOCK
ENB,STOCK
ENBL,STOCK
ENPH,STOCK
ENR,STOCK
ENS,STOCK
ENSV,STOCK
ENV,STOCK
EOG,STOCK
EOLS,STOCK
EPC,STOCK
EPD,STOCK
EPR,STOCK
EPRT,STOCK
EPZM,STOCK
EQ,STOCK
EQC,STOCK
EQIX,STOCK
EQNR,STOCK
EQR,STOCK
EQT,STOCK
ERIC,STOCK
ES,STOCK
ESGC,STOCK
ESND,STOCK
ESNT,STOCK
ESRT,STOCK
ESRX,STOCK
ESS,STOCK
ESTC,STOCK
ET,STOCK
ETFC,STOCK
ETN,STOCK
ETR,STOCK
ETRN,STOCK
ETSY,STOCK
EV,STOCK
EVA,STOCK
EVBG,STOCK
EVER,STOCK
EVFM,STOCK
EVHC,STOCK
EVRG,STOCK
EVRI,STOCK
EW,STOCK
EXAS,STOCK
EXC,STOCK
EXEL,STOCK
EXK,STOCK
EXPD,STOCK
EXPE,STOCK
EXPI,STOCK
EXR,STOCK
F,STOCK
FAF,STOCK
FAII,STOCK
FANG,STOCK
FAST,STOCK
FATE,STOCK
FB,STOCK
FBHS,STOCK
FBP,STOCK
FCAC,STOCK
FCEL,STOCK
FCN,STOCK
FCPT,STOCK
FCX,STOCK
FDC,STOCK
FDML,STOCK
FDS,STOCK
FDX,STOCK
FE,STOCK
FEYE,STOCK
FFIV,STOCK
FI,STOCK
FIS,STOCK
FISV,STOCK
FIT,STOCK
FITB,STOCK
FIVE,STOCK
FIZZ,STOCK
FL,STOCK
FLDM,STOCK
FLEX,STOCK
FLIR,STOCK
FLO,STOCK
FLR,STOCK
FLS,STOCK
FLT,STOCK
FLWS,STOCK
FMC,STOCK
FNF,STOCK
FNV,STOCK
FOLD,STOCK
FOSL,STOCK
FOUR,STOCK
FOX,STOCK
FOXA,STOCK
FRC,STOCK
FREE,STOCK
FRO,STOCK
FROG,STOCK
FRPT,STOCK
FRSX,STOCK
FRT,STOCK
FSK,STOCK
FSLY,STOCK
FSM,STOCK
FSR,STOCK
FTAAU,STOCK
FTAI,STOCK
FTCH,STOCK
FTCV,STOCK
FTI,STOCK
FTIV,STOCK
FTNT,STOCK
FTOC,STOCK
FTR,STOCK
FTV,STOCK
FUN,STOCK
FUSE,STOCK
FVRR,STOCK
FWONA,STOCK
GCAP,STOCK
GCI,STOCK
GD,STOCK
GDDY,STOCK
GDOT,STOCK
GE,STOCK
GEF,STOCK
GEL,STOCK
GENE,STOCK
GEO,STOCK
GERN,STOCK
GEVO,STOCK
GFI,STOCK
GG,STOCK
GGB,STOCK
GH,STOCK
GHC,STOCK
GHSI,STOCK
GIB,STOCK
GIII,STOCK
GILD,STOCK
GIS,STOCK
GKOS,STOCK
GL,STOCK
GLAD,STOCK
GLBS,STOCK
GLNG,STOCK
GLOG,STOCK
GLOP,STOCK
GLP,STOCK
GLPI,STOCK
GLUU,STOCK
GLW,STOCK
GM,STOCK
GMCR,STOCK
GME,STOCK
GMED,STOCK
GMLP,STOCK
GMRE,STOCK
GNC,STOCK
GNL,STOCK
GNOG,STOCK
GNPX,STOCK
GNRC,STOCK
GNTX,STOCK
GNUS,STOCK
GNW,STOCK
GO,STOCK
GOGO,STOCK
GOL,STOCK
GOLD,STOCK
GOOD,STOCK
GOOG,STOCK
GOOGL,STOCK
GORO,STOCK
GOSS,STOCK
GPC,STOCK
GPI,STOCK
GPK,STOCK
GPL,STOCK
GPN,STOCK
GPRE,STOCK
GPRO,STOCK
GRA,STOCK
GRMN,STOCK
GRUB,STOCK
GS,STOCK
GSAT,STOCK
GSKY,STOCK
GT,STOCK
GTE,STOCK
GTN,STOCK
GTY,STOCK
GVA,STOCK
GWPH,STOCK
GWRE,STOCK
GWW,STOCK
H,STOCK
HA,STOCK
HAE,STOCK
HAIN,STOCK
HAL,STOCK
HALL,STOCK
HALO,STOCK
HAR,STOCK
HAS,STOCK
HASI,STOCK
HAWK,STOCK
HBAN,STOCK
HBI,STOCK
HCA,STOCK
HCAT,STOCK
HD,STOCK
HDS,STOCK
HEAR,STOCK
HEI,STOCK
HES,STOCK
HEXO,STOCK
HFC,STOCK
HGV,STOCK
HHC,STOCK
HIG,STOCK
HII,STOCK
HIW,STOCK
HLF,STOCK
HLIT,STOCK
HLT,STOCK
HLX,STOCK
HMC,STOCK
HMHC,STOCK
HMY,STOCK
HNT,STOCK
HOG,STOCK
HOLX,STOCK
HOME,STOCK
HON,STOCK
HOT,STOCK
HP,STOCK
HPE,STOCK
HPP,STOCK
HPQ,STOCK
HQY,STOCK
HR,STOCK
HRB,STOCK
HRC,STOCK
HRI,STOCK
HRL,STOCK
HSBC,STOCK
HSC,STOCK
HSIC,STOCK
HST,STOCK
HSY,STOCK
HTA,STOCK
HTBX,STOCK
HTGC,STOCK
HTGM,STOCK
HTHT,STOCK
HUBb,STOCK
HUBS,STOCK
HUD,STOCK
HUM,STOCK
HUN,STOCK
HWM,STOCK
HX,STOCK
HXL,STOCK
HYLN,STOCK
HZAC,STOCK
IAC,STOCK
IACA,STOCK
IBIO,STOCK
IBKC,STOCK
IBKR,STOCK
IBM,STOCK
IBN,STOCK
IBP,STOCK
IBRX,STOCK
ICPT,STOCK
IDA,STOCK
IDCC,STOCK
IDEX,STOCK
IDXX,STOCK
IEP,STOCK
IEX,STOCK
IFF,STOCK
IFRX,STOCK
IGT,STOCK
IHRT,STOCK
III,STOCK
IIPR,STOCK
IIVI,STOCK
ILMN,STOCK
ILPT,STOCK
IM,STOCK
IMAX,STOCK
IMGN,STOCK
IMMU,STOCK
IMPV,STOCK
IMRN,STOCK
IMV,STOCK
INCY,STOCK
INFN,STOCK
INFO,STOCK
INFY,STOCK
INGN,STOCK
INGR,STOCK
INMD,STOCK
INN,STOCK
INO,STOCK
INPX,STOCK
INSG,STOCK
INSP,STOCK
INSY,STOCK
INT,STOCK
INTC,STOCK
INTU,STOCK
INUV,STOCK
INVH,STOCK
INVN,STOCK
IONS,STOCK
IP,STOCK
IPG,STOCK
IPGP,STOCK
IPHI,STOCK
IPOD,STOCK
IPOE,STOCK
IPOF,STOCK
IQV,STOCK
IRBT,STOCK
IRDM,STOCK
IRM,STOCK
IRT,STOCK
IRTC,STOCK
ISBC,STOCK
ISRG,STOCK
IT,STOCK
ITCI,STOCK
ITRI,STOCK
ITUB,STOCK
ITW,STOCK
IVR,STOCK
IZEA,STOCK
J,STOCK
JACK,STOCK
JAGX,STOCK
JAH,STOCK
JAZZ,STOCK
JBGS,STOCK
JBHT,STOCK
JBL,STOCK
JBLU,STOCK
JBT,STOCK
JCI,STOCK
JEF,STOCK
JFU,STOCK
JKHY,STOCK
JLL,STOCK
JMIA,STOCK
JNJ,STOCK
JNPR,STOCK
JOE,STOCK
JOUT,STOCK
JPM,STOCK
JWN,STOCK
K,STOCK
KAR,STOCK
KBH,STOCK
KBR,STOCK
KC,STOCK
KDMN,STOCK
KEY,STOCK
KEYS,STOCK
KGC,STOCK
KHC,STOCK
KIM,STOCK
KIN,STOCK
KING,STOCK
KKR,STOCK
KL,STOCK
KLAC,STOCK
KMB,STOCK
KMI,STOCK
KMT,STOCK
KMX,STOCK
KND,STOCK
KNDI,STOCK
KNX,STOCK
KO,STOCK
KOS,STOCK
KR,STOCK
KRC,STOCK
KRO,STOCK
KSS,STOCK
KSU,STOCK
KTOS,STOCK
KW,STOCK
L,STOCK
LAD,STOCK
LAMR,STOCK
LAZ,STOCK
LB,STOCK
LBRT,STOCK
LBTYA,STOCK
LBTYK,STOCK
LDOS,STOCK
LEA,STOCK
LECO,STOCK
LEG,STOCK
LEN,STOCK
LEVI,STOCK
LFC,STOCK
LFTR,STOCK
LH,STOCK
LHX,STOCK
LI,STOCK
LII,STOCK
LILA,STOCK
LIN,STOCK
LINK,STOCK
LITE,STOCK
LKCO,STOCK
LKQ,STOCK
LLIT,STOCK
LLL,STOCK
LLNW,STOCK
LLTC,STOCK
LLY,STOCK
LM,STOCK
LMFA,STOCK
LMND,STOCK
LMT,STOCK
LNC,STOCK
LNG,STOCK
LNKD,STOCK
LNT,STOCK
LOGM,STOCK
LOW,STOCK
LPCN,STOCK
LPI,STOCK
LPNT,STOCK
LPSN,STOCK
LPT,STOCK
LPX,STOCK
LRCX,STOCK
LRN,STOCK
LSCC,STOCK
LSI,STOCK
LSTR,STOCK
LSXMA,STOCK
LSXMK,STOCK
LTC,STOCK
LTHM,STOCK
LTRPA,STOCK
LULU,STOCK
LUMN,STOCK
LUNA,STOCK
LUV,STOCK
LVGO,STOCK
LVLT,STOCK
LVS,STOCK
LW,STOCK
LXP,STOCK
LXRX,STOCK
LYB,STOCK
LYFT,STOCK
LYG,STOCK
LYV,STOCK
M,STOCK
MA,STOCK
MAA,STOCK
MAC,STOCK
MAG,STOCK
MAIN,STOCK
MAN,STOCK
MANU,STOCK
MAR,STOCK
MARA,STOCK
MARK,STOCK
MAS,STOCK
MASI,STOCK
MAT,STOCK
MAXR,STOCK
MBRX,STOCK
MBT,STOCK
MCD,STOCK
MCHP,STOCK
MCK,STOCK
MCO,STOCK
MCRB,STOCK
MD,STOCK
MDB,STOCK
MDC,STOCK
MDLA,STOCK
MDLZ,STOCK
MDP,STOCK
MDSO,STOCK
MDT,STOCK
MDU,STOCK
MDVL,STOCK
MEG,STOCK
MELI,STOCK
MET,STOCK
MFA,STOCK
MFG,STOCK
MGA,STOCK
MGI,STOCK
MGM,STOCK
MGNI,STOCK
MGP,STOCK
MGY,STOCK
MHK,STOCK
MIK,STOCK
MIST,STOCK
MITK,STOCK
MITT,STOCK
MJN,STOCK
MKC,STOCK
MKL,STOCK
MKSI,STOCK
MKTX,STOCK
MLCO,STOCK
MLM,STOCK
MLNX,STOCK
MMC,STOCK
MMI,STOCK
MMM,STOCK
MMYT,STOCK
MNKD,STOCK
MNRL,STOCK
MNST,STOCK
MO,STOCK
MOH,STOCK
MOMO,STOCK
MON,STOCK
MOS,STOCK
MPC,STOCK
MPLX,STOCK
MPW,STOCK
MPWR,STOCK
MR,STOCK
MRCY,STOCK
MRK,STOCK
MRNA,STOCK
MRNS,STOCK
MRO,STOCK
MRTX,STOCK
MRVL,STOCK
MS,STOCK
MSCI,STOCK
MSFT,STOCK
MSGS,STOCK
MSTR,STOCK
MTB,STOCK
MTD,STOCK
MTDR,STOCK
MTH,STOCK
MTN,STOCK
MTNB,STOCK
MTOR,STOCK
MTW,STOCK
MTZ,STOCK
MUFG,STOCK
MUR,STOCK
MUSA,STOCK
MUX,STOCK
MVIS,STOCK
MWA,STOCK
MX,STOCK
MXIM,STOCK
MXL,STOCK
MYOK,STOCK
MYT,STOCK
NAK,STOCK
NAKD,STOCK
NARI,STOCK
NAT,STOCK
NATI,STOCK
NAV,STOCK
NAVI,STOCK
NBEV,STOCK
NBIX,STOCK
NBL,STOCK
NBR,STOCK
NBRV,STOCK
NBY,STOCK
NCLH,STOCK
NCMI,STOCK
NCR,STOCK
NDLS,STOCK
NEE,STOCK
NEM,STOCK
NEO,STOCK
NEP,STOCK
NERV,STOCK
NESR,STOCK
NET,STOCK
NETI,STOCK
NEWR,STOCK
NGD,STOCK
NI,STOCK
NICE,STOCK
NIO,STOCK
NIU,STOCK
NKE,STOCK
NKLA,STOCK
NKTR,STOCK
NLOK,STOCK
NLSN,STOCK
NLY,STOCK
NMIH,STOCK
NMRK,STOCK
NNDM,STOCK
NNN,STOCK
NOC,STOCK
NOK,STOCK
NOMD,STOCK
NOV,STOCK
NOVA,STOCK
NOW,STOCK
NPTN,STOCK
NRG,STOCK
NRZ,STOCK
NS,STOCK
NSA,STOCK
NSC,STOCK
NSP,STOCK
NSPR,STOCK
NSTB,STOCK
NTAP,STOCK
NTEC,STOCK
NTI,STOCK
NTLA,STOCK
NTNX,STOCK
NTRA,STOCK
NTRS,STOCK
NUAN,STOCK
NUE,STOCK
NUS,STOCK
NUVA,STOCK
NVAX,STOCK
NVCR,STOCK
NVDA,STOCK
NVGS,STOCK
NVO,STOCK
NVR,STOCK
NVRO,STOCK
NVS,STOCK
NVTA,STOCK
NWL,STOCK
NWSA,STOCK
NXPI,STOCK
NXST,STOCK
NXTC,STOCK
NXTD,STOCK
NYMT,STOCK
NYT,STOCK
O,STOCK
OA,STOCK
OAS,STOCK
OC,STOCK
OCGN,STOCK
OCUL,STOCK
ODFL,STOCK
ODP,STOCK
OFC,STOCK
OGEN,STOCK
OGI,STOCK
OHI,STOCK
OI,STOCK
OKE,STOCK
OKTA,STOCK
OLED,STOCK
OLLI,STOCK
OLN,STOCK
OMC,STOCK
OMI,STOCK
ON,STOCK
ONCE,STOCK
ONEM,STOCK
ONTO,STOCK
ONTX,STOCK
ONVO,STOCK
OPI,STOCK
OPK,STOCK
OPTN,STOCK
ORBC,STOCK
ORCL,STOCK
ORI,STOCK
ORLY,STOCK
ORTX,STOCK
OSK,STOCK
OSUR,STOCK
OTIS,STOCK
OTLK,STOCK
OUT,STOCK
OVID,STOCK
OVV,STOCK
OXY,STOCK
P,STOCK
PAA,STOCK
PAAS,STOCK
PACB,STOCK
PACDQ,STOCK
PAG,STOCK
PAGP,STOCK
PAGS,STOCK
PANW,STOCK
PATH,STOCK
PAYC,STOCK
PAYS,STOCK
PAYX,STOCK
PBA,STOCK
PBCT,STOCK
PBF,STOCK
PBI,STOCK
PBR,STOCK
PBYI,STOCK
PCAR,STOCK
PCG,STOCK
PCH,STOCK
PCP,STOCK
PCVX,STOCK
PD,STOCK
PDCE,STOCK
PDCO,STOCK
PDD,STOCK
PDM,STOCK
PE,STOCK
PEAK,STOCK
PEB,STOCK
PEG,STOCK
PEGI,STOCK
PEI,STOCK
PEN,STOCK
PENN,STOCK
PEP,STOCK
PETM,STOCK
PF,STOCK
PFE,STOCK
PFG,STOCK
PFGC,STOCK
PFLT,STOCK
PFPT,STOCK
PG,STOCK
PGEN,STOCK
PGNY,STOCK
PGR,STOCK
PGRE,STOCK
PH,STOCK
PHAS,STOCK
PHM,STOCK
PHR,STOCK
PHUN,STOCK
PI,STOCK
PII,STOCK
PINC,STOCK
PINS,STOCK
PK,STOCK
PKG,STOCK
PKI,STOCK
PLAN,STOCK
PLAY,STOCK
PLCE,STOCK
PLD,STOCK
PLM,STOCK
PLNT,STOCK
PLT,STOCK
PLTK,STOCK
PLTR,STOCK
PLUG,STOCK
PLUS,STOCK
PLYA,STOCK
PM,STOCK
PNC,STOCK
PNNT,STOCK
PNR,STOCK
PODD,STOCK
POM,STOCK
POOL,STOCK
POSH,STOCK
POST,STOCK
POT,STOCK
POWI,STOCK
PPC,STOCK
PPD,STOCK
PPG,STOCK
PPL,STOCK
PRAH,STOCK
PRFT,STOCK
PRG,STOCK
PRGO,STOCK
PRPO,STOCK
PRQR,STOCK
PRTK,STOCK
PRTY,STOCK
PRU,STOCK
PRVB,STOCK
PS,STOCK
PSA,STOCK
PSB,STOCK
PSEC,STOCK
PSTG,STOCK
PSX,STOCK
PTC,STOCK
PTEN,STOCK
PTGX,STOCK
PTN,STOCK
PTON,STOCK
PUBM,STOCK
PUMP,STOCK
PVAC,STOCK
PVG,STOCK
PVH,STOCK
PWR,STOCK
PX,STOCK
PXD,STOCK
PYPL,STOCK
PZZA,STOCK
QCOM,STOCK
QD,STOCK
QDEL,STOCK
QEP,STOCK
QFIN,STOCK
QIWI,STOCK
QLGN,STOCK
QRTEA,STOCK
QRVO,STOCK
QS,STOCK
QSR,STOCK
QTS,STOCK
QTT,STOCK
QTWO,STOCK
QURE,STOCK
R,STOCK
RACE,STOCK
RAD,STOCK
RAI,STOCK
RARX,STOCK
RBLX,STOCK
RBOT,STOCK
RCL,STOCK
RDFN,STOCK
RDN,STOCK
RE,STOCK
REAL,STOCK
REG,STOCK
REGI,STOCK
REGN,STOCK
RENN,STOCK
REPH,STOCK
RESN,STOCK
RETA,STOCK
REV,STOCK
REXR,STOCK
RF,STOCK
RFP,STOCK
RGA,STOCK
RGEN,STOCK
RGLS,STOCK
RGS,STOCK
RH,STOCK
RHI,STOCK
RHT,STOCK
RIG,STOCK
RIGL,STOCK
RIO,STOCK
RIOT,STOCK
RJF,STOCK
RL,STOCK
RLGY,STOCK
RLJ,STOCK
RLX,STOCK
RMAX,STOCK
RMD,STOCK
RNG,STOCK
RNR,STOCK
ROIC,STOCK
ROK,STOCK
ROKU,STOCK
ROP,STOCK
ROST,STOCK
RPAI,STOCK
RPAY,STOCK
RPD,STOCK
RPM,STOCK
RPRX,STOCK
RRC,STOCK
RRD,STOCK
RRGB,STOCK
RRR,STOCK
RS,STOCK
RSG,STOCK
RST,STOCK
RTN,STOCK
RTX,STOCK
RUBY,STOCK
RUN,STOCK
RUSHB,STOCK
RUTH,STOCK
RVLV,STOCK
RVMD,STOCK
RVNC,STOCK
RWT,STOCK
RXN,STOCK
RY,STOCK
RYAAY,STOCK
RYAM,STOCK
RYN,STOCK
S,STOCK
SA,STOCK
SABR,STOCK
SAFM,STOCK
SAGE,STOCK
SAH,STOCK
SAIL,STOCK
SAM,STOCK
SAN,STOCK
SANM,STOCK
SAVE,STOCK
SBAC,STOCK
SBGI,STOCK
SBH,STOCK
SBNY,STOCK
SBRA,STOCK
SBS,STOCK
SBSW,STOCK
SBUX,STOCK
SCCO,STOCK
SCG,STOCK
SCHW,STOCK
SCI,STOCK
SCOA,STOCK
SCOBU,STOCK
SCS,STOCK
SDC,STOCK
SDGR,STOCK
SE,STOCK
SEAC,STOCK
SEAS,STOCK
SEDG,STOCK
SEE,STOCK
SEIC,STOCK
SELB,STOCK
SEMR,STOCK
SFIX,STOCK
SFM,STOCK
SFT,STOCK
SGEN,STOCK
SGMO,STOCK
SGMS,STOCK
SHAK,STOCK
SHIP,STOCK
SHLS,STOCK
SHLX,STOCK
SHO,STOCK
SHOP,STOCK
SHW,STOCK
SI,STOCK
SIG,STOCK
SII,STOCK
SINA,STOCK
SINT,STOCK
SIOX,STOCK
SIRI,STOCK
SITC,STOCK
SIVB,STOCK
SIX,STOCK
SJM,STOCK
SJR,STOCK
SKLZ,STOCK
SKM,STOCK
SKT,STOCK
SKX,STOCK
SKYW,STOCK
SLAB,STOCK
SLB,STOCK
SLCA,STOCK
SLGN,STOCK
SLM,STOCK
SM,STOCK
SMAR,STOCK
SMG,STOCK
SMTC,STOCK
SNAP,STOCK
SNCR,STOCK
SNDK,STOCK
SNDL,STOCK
SNDX,STOCK
SNEX,STOCK
SNOW,STOCK
SNPS,STOCK
SNX,STOCK
SO,STOCK
SOGO,STOCK
SOL,STOCK
SOLO,STOCK
SON,STOCK
SONO,STOCK
SONY,STOCK
SPB,STOCK
SPCE,STOCK
SPG,STOCK
SPGI,STOCK
SPLK,STOCK
SPLS,STOCK
SPOT,STOCK
SPPI,STOCK
SPR,STOCK
SPTN,STOCK
SPWH,STOCK
SPWR,STOCK
SQM,STOCK
SRC,STOCK
SRCL,STOCK
SRE,STOCK
SRNE,STOCK
SRPT,STOCK
SSL,STOCK
SSNC,STOCK
SSRM,STOCK
SSSS,STOCK
SSTI,STOCK
ST,STOCK
STAG,STOCK
STAY,STOCK
STE,STOCK
STI,STOCK
STJ,STOCK
STLD,STOCK
STMP,STOCK
STNE,STOCK
STNG,STOCK
STOR,STOCK
STT,STOCK
STWD,STOCK
STX,STOCK
STZ,STOCK
SU,STOCK
SUI,STOCK
SUM,STOCK
SUMO,STOCK
SUN,STOCK
SUNW,STOCK
SURF,STOCK
SUZ,STOCK
SVC,STOCK
SVFAU,STOCK
SVM,STOCK
SVMK,STOCK
SVU,STOCK
SWAV,STOCK
SWBI,STOCK
SWCH,STOCK
SWK,STOCK
SWKS,STOCK
SWN,STOCK
SXT,STOCK
SXTC,STOCK
SY,STOCK
SYF,STOCK
SYK,STOCK
SYNA,STOCK
SYNH,STOCK
SYNT,STOCK
SYY,STOCK
T,STOCK
TA,STOCK
TACO,STOCK
TAK,STOCK
TAL,STOCK
TALO,STOCK
TAP,STOCK
TBLT,STOCK
TD,STOCK
TDC,STOCK
TDG,STOCK
TDOC,STOCK
TDS,STOCK
TEAM,STOCK
TECD,STOCK
TECH,STOCK
TECK,STOCK
TEF,STOCK
TELL,STOCK
TEO,STOCK
TER,STOCK
TEUM,STOCK
TEVA,STOCK
TFC,STOCK
TFII,STOCK
TFX,STOCK
TGB,STOCK
TGNA,STOCK
TGT,STOCK
TH,STOCK
THC,STOCK
THG,STOCK
THO,STOCK
THS,STOCK
TIF,STOCK
TIGO,STOCK
TIVO,STOCK
TJX,STOCK
TLRD,STOCK
TM,STOCK
TME,STOCK
TMHC,STOCK
TMO,STOCK
TMUS,STOCK
TMX,STOCK
TNAV,STOCK
TNDM,STOCK
TNL,STOCK
TNXP,STOCK
TOL,STOCK
TOPS,STOCK
TPC,STOCK
TPH,STOCK
TPIC,STOCK
TPX,STOCK
TREE,STOCK
TREX,STOCK
TRGP,STOCK
TRIP,STOCK
TRMB,STOCK
TRNO,STOCK
TROW,STOCK
TROX,STOCK
TRU,STOCK
TRV,STOCK
TRVG,STOCK
TRVN,STOCK
TRX,STOCK
TSCO,STOCK
TSEM,STOCK
TSM,STOCK
TSN,STOCK
TSS,STOCK
TT,STOCK
TTCF,STOCK
TTD,STOCK
TTEK,STOCK
TTI,STOCK
TTM,STOCK
TTNP,STOCK
TTOO,STOCK
TTWO,STOCK
TUP,STOCK
TVPT,STOCK
TVTY,STOCK
TWC,STOCK
TWI,STOCK
TWLO,STOCK
TWO,STOCK
TWOU,STOCK
TWTR,STOCK
TWX,STOCK
TX,STOCK
TXG,STOCK
TXMD,STOCK
TXN,STOCK
TXRH,STOCK
TXT,STOCK
U,STOCK
UA,STOCK
UAA,STOCK
UAL,STOCK
UAVS,STOCK
UBER,STOCK
UDR,STOCK
UE,STOCK
UEIC,STOCK
UGI,STOCK
UHS,STOCK
UHT,STOCK
UI,STOCK
ULTA,STOCK
ULTI,STOCK
UMC,STOCK
UNFI,STOCK
UNH,STOCK
UNI,STOCK
UNIT,STOCK
UNM,STOCK
UNP,STOCK
UONE,STOCK
UPS,STOCK
UPWK,STOCK
URBN,STOCK
URI,STOCK
USAC,STOCK
USB,STOCK
USCR,STOCK
USFD,STOCK
USG,STOCK
USNA,STOCK
USX,STOCK
UTHR,STOCK
UVV,STOCK
V,STOCK
VAC,STOCK
VAL,STOCK
VALE,STOCK
VAR,STOCK
VBIV,STOCK
VC,STOCK
VCYT,STOCK
VEDL,STOCK
VEEV,STOCK
VEON,STOCK
VER,STOCK
VFC,STOCK
VHC,STOCK
VIA,STOCK
VIAC,STOCK
VIAV,STOCK
VICI,STOCK
VIH,STOCK
VIPS,STOCK
VIR,STOCK
VISL,STOCK
VKTX,STOCK
VLO,STOCK
VLRS,STOCK
VMC,STOCK
VMW,STOCK
VNO,STOCK
VOD,STOCK
VRA,STOCK
VRAY,STOCK
VRDN,STOCK
VREX,STOCK
VRM,STOCK
VRSK,STOCK
VRSN,STOCK
VRTX,STOCK
VSLR,STOCK
VSM,STOCK
VST,STOCK
VSTM,STOCK
VSTO,STOCK
VTR,STOCK
VTRS,STOCK
VTRU,STOCK
VUZI,STOCK
VVI,STOCK
VWR,STOCK
VXRT,STOCK
VYGR,STOCK
VYNE,STOCK
VZ,STOCK
W,STOCK
WAB,STOCK
WAT,STOCK
WATT,STOCK
WB,STOCK
WBA,STOCK
WBC,STOCK
WBT,STOCK
WCC,STOCK
WCG,STOCK
WDAY,STOCK
WDC,STOCK
WEC,STOCK
WELL,STOCK
WEN,STOCK
WES,STOCK
WETF,STOCK
WEX,STOCK
WFC,STOCK
WFM,STOCK
WGO,STOCK
WH,STOCK
WHR,STOCK
WIMI,STOCK
WING,STOCK
WISH,STOCK
WIX,STOCK
WKHS,STOCK
WLK,STOCK
WLL,STOCK
WLTW,STOCK
WM,STOCK
WMB,STOCK
WMC,STOCK
WMG,STOCK
WMGI,STOCK
WMT,STOCK
WNR,STOCK
WOOF,STOCK
WORK,STOCK
WP,STOCK
WPC,STOCK
WPM,STOCK
WRAP,STOCK
WRE,STOCK
WRI,STOCK
WRK,STOCK
WSM,STOCK
WSO,STOCK
WST,STOCK
WTI,STOCK
WTRG,STOCK
WTRH,STOCK
WU,STOCK
WUBA,STOCK
WWE,STOCK
WY,STOCK
WYNN,STOCK
X,STOCK
XBIT,STOCK
XEC,STOCK
XEL,STOCK
XELA,STOCK
XIN,STOCK
XLNX,STOCK
XM,STOCK
XNET,STOCK
XOM,STOCK
XP,STOCK
XPEV,STOCK
XPO,STOCK
XRAY,STOCK
XRX,STOCK
XSPA,STOCK
XXIA,STOCK
XXII,STOCK
XYL,STOCK
Y,STOCK
YCBD,STOCK
YELP,STOCK
YETI,STOCK
YEXT,STOCK
YNDX,STOCK
YUM,STOCK
YUMC,STOCK
Z,STOCK
ZAYO,STOCK
ZBH,STOCK
ZBRA,STOCK
ZEN,STOCK
ZEPP,STOCK
ZG,STOCK
ZGNX,STOCK
ZH,STOCK
ZI,STOCK
ZIM,STOCK
ZION,STOCK
ZM,STOCK
ZNGA,STOCK
ZNOG,STOCK
ZOM,STOCK
ZS,STOCK
ZSAN,STOCK
ZTO,STOCK
ZTS,STOCK
ZUO,STOCK
ZYNE,STOCK
ZYXI,STOCK